bc_id,bc_seq,bcm,sample,temp
BC01,ACATTA,False,utRho01,10
BC13,GAACCT,False,utRho02,10
BC25,ACAACG,False,utRho03,10
BC37,AGTTGA,True,utRho04,10
BC49,AGGCAT,True,utRho05,10
BC61,GAAGTG,True,utRho06,10
BC73,AACAAG,False,utRho07,25
BC85,TTGGTA,False,utRho08,25
BC02,GGTGAG,False,utRho09,25
BC14,CGGTTA,True,utRho10,25
BC26,GCGCTG,True,utRho11,25
BC38,GACGAT,True,utRho12,25
BC50,ACCTAC,False,utRho13,37
BC62,AGAATC,False,utRho14,37
BC74,AACCGA,False,utRho15,37
BC86,CAACAG,True,utRho16,37
BC03,CGAAGG,True,utRho17,37
BC15,AACGCC,True,utRho18,37
BC27,CAAGCA,False,utRho19,44
BC39,CACACT,False,utRho20,44
BC51,TGGATT,False,utRho21,44
BC63,GCGAAT,True,utRho22,44
BC75,TGGCGA,True,utRho23,44
BC86,CAACAG,True,utRho24,44
BC04,AAGACA,False,utRho25,51
BC16,CAGATG,False,utRho26,51
BC28,GTTACC,False,utRho27,51
BC40,CAGCGT,True,utRho28,51
BC52,GCAGCC,True,utRho29,51
BC64,CGATCT,True,utRho30,51
